{
  "integrations": [
    {
      "id": "8ca58fef-4cec-41c5-89bb-a395c6f13f89",
      "name": "Slack Who's on Call - Event Status Updates",
      "action": "RUN_SCRIPT",
      "type": "OUTBOUND_WEBHOOK",
      "triggeredBy": "STATUS",
      "deployed": true,
      "form": "4ba35335-f675-4aff-a229-6a953780deb8",
      "script": "/******************************************************************************\n * Outbound integrations\n *\n * Outbound integrations are triggered when an xMatters system action occurs,\n * such as when an event status changes, a notification is delivered, or a\n * recipient responds to a message. These system actions are called 'triggers'.\n *\n * Outbound integrations can perform tasks such as initiating a follow-up xMatters\n * event when the status of an event changes or updating another system in your\n * toolchain when a user responds to a notification.\n *\n * xMatters passes information about the trigger to the outbound integration\n * as objects that are available for use in your script. (To include form\n * properties in the request data, select 'Include in Outbound Integrations'\n * from the property's settings on the form layout.)\n *\n * The following sample code shows how to work with scripts in the Integration\n * Builder. You can use it as a template and then customize it to work with your\n * integration.\n ******************************************************************************/\n\n// Examples of retrieving event related properties\n//console.log('Value of the TicketId:' + event.properties.TicketId);\n//console.log('Value of the Description:' + event.properties.Description);\n//console.log('Value of the event identifier:' + event.eventId);\n/** The callback triggering time is included in the payload of all triggers **/\n//console.log('Time: ' + statusChanged.at);\n\n/** These properties are included in the event and statusChanged objects. **/\n//console.log('\\nEvent Status properties:');\n//console.log('Event status changed to: ' + event.status);\n//if (statusChanged.by != null) {\n//    console.log('Updated by: ' + statusChanged.by.targetName);\n//}\n//console.log('Status change type: ' + statusChanged.auditType);\n\n/******************************************************************************\n * General script usage\n *\n * This section shows some general information about working with\n * Integration Builder scripts. If you need these behaviors, place\n * them in your script in an appropriate location to support your logic.\n ******************************************************************************/\n\n/**\n * Shared Libraries\n * Shared libraries allow you to store commonly-used code snippets in a single\n * location and share them among Integration Builder scripts. To access a shared\n * library, use the require() function to load the library into a variable and then\n * call the functions stored within it. This example shows how to access the function\n * named 'myFunction' from the shared library named 'mySharedLibrary'.\n */\n//var mySharedLibrary = require('My Shared Library');\n//var message = mySharedLibrary.myFunction();\n\n/**\n * Constants\n * Constants allow you to define a value using the xMatters user interface and\n * then use it in multiple scripts. This example shows how to access user-defined\n * constants named 'APIKey' and 'Application Host'.\n */\n//var department = constants.APIKey;\n//var address = constants['Application Host'];\n\n/**\n * Logging\n * To write messages to the Activity Stream, use console.log().\n */\n//console.log('Finished running an Integration Builder script.');",
      "environment": "HOSTED",
      "authType": "NONE",
      "createdBy": "IB"
    }
  ],
  "endpoints": [
    {
      "name": "Slack",
      "baseUrl": "https://slack.com/api",
      "type": "EXTERNAL",
      "authentication": "OAUTH_SLACK"
    }
  ],
  "constants": [
    {
      "name": "Groups",
      "value": "Empty Group",
      "description": "List of groups from which to get current on-call developers. ABCGroup|ABC API GROUP|ABC Group|CAB Approval"
    }
  ]
}