[
  {
    "id": "04ce05c1-a98d-4841-ac20-cfde4c36e39c",
    "name": "Get Who's On Call from List of Groups",
    "description": "Gets Primary On call from a list of groups.",
    "icon": "http://s3-xmatters-static.s3.amazonaws.com/null/customers/8d580702-986e-4de3-873d-3a75b8073b42/IMAGE__20190509202204028__xmatters.png",
    "script": "var groups = input['Groups'].split('|');\nvar oncall = \"\";\nfor (var g in groups) {\n    console.log(\"group: \" + groups[g]);\n\n    var apiRequest = http.request({\n        'endpoint': 'xMatters',\n        'path': '/api/xm/1/on-call?groups=' + encodeURIComponent(groups[g]) + '&embed=shift,members.owner&membersPerShift=100',\n        'method': 'GET'\n    });\n    var apiResponse = apiRequest.write();\n\n    if (apiResponse.statusCode == 200) {\n        var response = JSON.parse(apiResponse.body);\n\n        // Check if there are any members in the group. If there are not record no primary on call and continue.\n        if (response['data'][0]['members']['data'][0] === undefined) {\n            console.log(\"No Members\");\n            oncall = oncall + groups[g] + \" - No Members on call. \\n\";\n            output['onCall'] = oncall;\n            continue;\n        }\n\n        var absenceMember = [];\n        var replace = [];\n\n        //Get all replaceents in the group\n        if (response['data'][0]['members']['data'][0]['absences'] !== undefined) {\n\n            for (var a in response['data'][0]['members']['data'][0]['absences']['data']) {\n\n                absenceMember.push(response['data'][0]['members']['data'][0]['absences']['data'][a]['member']['targetName']);\n\n            }\n        }\n\n        // If there are at least 1 replacement substitute with regular oncall member\n        if (absenceMember.indexOf(response['data'][0]['members']['data'][0]['member']['targetName']) > -1) {\n            var replace_index = absenceMember.indexOf(response['data'][0]['members']['data'][0]['member']['targetName']);\n\n            if (response['data'][0]['members']['data'][0]['absences']['data'][0]['absenceType'] == \"REPLACEMENT\") {\n\n                oncall = oncall + groups[g] + \" - \" + response['data'][0]['members']['data'][0]['absences']['data'][replace_index]['replacement']['firstName'] + \" \" + response['data'][0]['members']['data'][0]['absences']['data'][replace_index]['replacement']['lastName'] + \" (\" + response['data'][0]['members']['data'][0]['absences']['data'][replace_index]['replacement']['targetName'] + \") replacing \" + response['data'][0]['members']['data'][0]['absences']['data'][a]['member']['targetName'] + \" \\n\";\n\n            }\n            // Member has absence with no replacement\n            else if (response['data'][0]['members']['data'][0]['absences']['data'][0]['absenceType'] == \"VACANCY\") {\n\n                // no replacement set for primary on call get the next member. Make sure there is another member\n                if (response['data'][0]['members']['data'].length > 1) {\n\n                    // Make sure the member is active if it's not, get the next member\n                    if (response['data'][0]['members']['data'][1]['member']['status'] === 'ACTIVE') {\n                        var memberNumber = 1;\n                    } else {\n                        if (response['data'][0]['members']['data'].length > 2) {\n                            var memberNumber = 2;\n                        } else {\n                            console.log(\"No Active Members 10\");\n                            var memberNumber = 1;\n                            oncall = oncall + groups[g] + \" - \" + response['data'][0]['members']['data'][memberNumber]['member']['firstName'] + \" \" + response['data'][0]['members']['data'][memberNumber]['member']['lastName'] + \" (\" + response['data'][0]['members']['data'][memberNumber]['member']['targetName'] + \") is INACTIVE and there are no other members. \\n\";\n                            output['onCall'] = oncall;\n                            continue;\n\n                        }\n\n                    }\n\n                    switch (response['data'][0]['members']['data'][1]['member']['recipientType']) {\n\n                        case 'PERSON':\n                            oncall = oncall + groups[g] + \" - \" + response['data'][0]['members']['data'][memberNumber]['member']['firstName'] + \" \" + response['data'][0]['members']['data'][memberNumber]['member']['lastName'] + \" (\" + response['data'][0]['members']['data'][memberNumber]['member']['targetName'] + \") \\n\";\n                            break;\n                        case 'GROUP':\n                            oncall = oncall + groups[g] + \" -  Group: \" + response['data'][0]['members']['data'][memberNumber]['member']['targetName'] + \" \\n\";\n                            break;\n                        case 'DYNAMIC_TEAM':\n                            oncall = oncall + groups[g] + \" -  Dynamic Team: \" + response['data'][0]['members']['data'][memberNumber]['member']['targetName'] + \" \\n\";\n                            break;\n                        case 'DEVICE':\n                            oncall = oncall + groups[g] + \" -  \" + response['data'][0]['members']['data'][memberNumber]['member']['owner']['firstName'] + \" \" + response['data'][0]['members']['data'][memberNumber]['member']['owner']['lastName'] + \" \" + response['data'][0]['members']['data'][memberNumber]['member']['targetName'] + \" \\n\";\n                            break;\n                        default:\n\n                    }\n                }\n\n\n            }\n            // THere are no other members in the group.\n            else {\n\n                oncall = oncall + groups[g] + \" - No Members on call. \" + response['data'][0]['members']['data'][0]['absences']['data'][a]['member']['firstName'] + \" \" + response['data'][0]['members']['data'][0]['absences']['data'][a]['member']['lastName'] + \" (\" + response['data'][0]['members']['data'][0]['absences']['data'][a]['member']['targetName'] + \") is Absent and has NO replacements. \\n\";\n            }\n\n\n\n        }\n        // No replacement set just get the primary on call\n        else {\n\n            // Make sure the member is active if it's not, get the next member\n            if (response['data'][0]['members']['data'][0]['member']['status'] === 'ACTIVE') {\n                var memberNumber = 0;\n            } else {\n                if (response['data'][0]['members']['data'].length > 1) {\n                    var memberNumber = 1;\n                } else {\n                    console.log(\"No Active Members 16\");\n                    var memberNumber = 0;\n                    oncall = oncall + groups[g] + \" - \" + response['data'][0]['members']['data'][memberNumber]['member']['firstName'] + \" \" + response['data'][0]['members']['data'][memberNumber]['member']['lastName'] + \" (\" + response['data'][0]['members']['data'][memberNumber]['member']['targetName'] + \") is INACTIVE and there are no other members. \\n\";\n                    output['onCall'] = oncall;\n                    continue;\n\n                }\n\n            }\n\n\n            switch (response['data'][0]['members']['data'][0]['member']['recipientType']) {\n\n                case 'PERSON':\n                    oncall = oncall + groups[g] + \" - \" + response['data'][0]['members']['data'][memberNumber]['member']['firstName'] + \" \" + response['data'][0]['members']['data'][memberNumber]['member']['lastName'] + \" (\" + response['data'][0]['members']['data'][memberNumber]['member']['targetName'] + \") \\n\";\n                    break;\n                case 'GROUP':\n                    oncall = oncall + groups[g] + \" -  Group: \" + response['data'][0]['members']['data'][memberNumber]['member']['targetName'] + \" \\n\";\n                    break;\n                case 'DYNAMIC_TEAM':\n                    oncall = oncall + groups[g] + \" -  Dynamic Team: \" + response['data'][0]['members']['data'][memberNumber]['member']['targetName'] + \" \\n\";\n                    break;\n                case 'DEVICE':\n                    oncall = oncall + groups[g] + \" -  \" + response['data'][0]['members']['data'][memberNumber]['member']['owner']['firstName'] + \" \" + response['data'][0]['members']['data'][memberNumber]['member']['owner']['lastName'] + \" \" + response['data'][0]['members']['data'][memberNumber]['member']['targetName'] + \" \\n\";\n                    break;\n                default:\n\n            }\n\n\n\n\n        }\n\n    }\n}\nconsole.log(\"Final : \" + oncall);\n\noutput['onCall'] = oncall;",
    "endpointLabel": "xMatters",
    "allowedEnvironment": "HOSTED",
    "accessibleByAll": "NotShared",
    "scriptStepType": "USER",
    "inputs": [
      {
        "id": "f0d39192-c671-493a-9344-b55b99af2299",
        "name": "Groups",
        "helpText": "",
        "defaultValue": "",
        "multiline": false,
        "required": false,
        "validationRegex": "",
        "maxLength": 20000,
        "minLength": 0,
        "position": 0
      }
    ],
    "outputs": [
      {
        "id": "61a658b2-52cb-48ff-9491-9f9f5680bed3",
        "name": "onCall",
        "description": "",
        "position": 0
      }
    ]
  }
]