[
  {
    "id": "04ce05c1-a98d-4841-ac20-cfde4c36e39c",
    "name": "Get Who's On Call from List of Groups",
    "description": "Gets Primary On call from a list of groups.",
    "icon": "http://s3-xmatters-static.s3.amazonaws.com/null/customers/8d580702-986e-4de3-873d-3a75b8073b42/IMAGE__20190509202204028__xmatters.png",
    "script": "var groups = input['Groups'].split('|');\nvar oncall = \"\";\nfor (var g in groups) {\n    console.log(\"group: \" + groups[g]);\n  \n    var apiRequest = http.request({\n        'endpoint': 'xMatters',\n        'path': '/api/xm/1/on-call?groups=' + groups[g] +'&embed=shift,members.owner&membersPerShift=100',\n        'method': 'GET'\n    });\n    var apiResponse = apiRequest.write();\n\n    if (apiResponse.statusCode == 200) {\n        var response = JSON.parse(apiResponse.body);\n        oncall = oncall + `${groups[g]} - ${response['data'][0]['members']['data'][0]['member']['firstName']} ${response['data'][0]['members']['data'][0]['member']['lastName']} (${response['data'][0]['members']['data'][0]['member']['targetName']})/n`;\n        console.log(oncall);\n    }\n}\nconsole.log(\"Final : \" + oncall);\n\noutput['onCall'] = oncall;",
    "endpointLabel": "xMatters",
    "allowedEnvironment": "HOSTED",
    "accessibleByAll": "NotShared",
    "scriptStepType": "USER",
    "inputs": [
      {
        "id": "f0d39192-c671-493a-9344-b55b99af2299",
        "name": "Groups",
        "helpText": "",
        "defaultValue": "",
        "multiline": false,
        "required": false,
        "validationRegex": "",
        "maxLength": 20000,
        "minLength": 0,
        "position": 0
      }
    ],
    "outputs": [
      {
        "id": "61a658b2-52cb-48ff-9491-9f9f5680bed3",
        "name": "onCall",
        "description": "",
        "position": 0
      }
    ]
  }
]