[
  {
    "id": "48a25434-24b3-435d-a230-0a92b00621fc",
    "name": "Get Who's On Call from List of Groups",
    "description": "Gets Primary On call from a list of groups.",
    "icon": "http://s3-xmatters-static.s3.amazonaws.com/null/customers/8d580702-986e-4de3-873d-3a75b8073b42/IMAGE__20190509202204028__xmatters.png",
    "script": "var groups = input['Groups'].split('|');\n//var oncall = \"\";\noncallTargets = [];\nvar currenttime = new Date();\n\nfor (var g in groups) {\n\n\t// Call function to get Group On-call\n\tvar oncall = listOncall(groups[g]);\n\tvar groupObj = {};\n\tgroupObj.name = groups[g];\n\tgroupObj.shifts = oncall;\n\toncallTargets.push(groupObj);\n\n\n} // Close for each group\nconsole.log(\"Final output : \" + JSON.stringify(oncallTargets));\n\nvar oncalFormatted = \"\";\nfor (var group in oncallTargets) {\n\n\tvar groupName = \"*\" + oncallTargets[group].name + \": *\\n\";\n\n\tvar shifts = \"\";\n\tfor (var s in oncallTargets[group].shifts) {\n\t\tvar shiftName = \"\";\n\t\tvar members = \"\";\n\t\tshiftName = oncallTargets[group].shifts[s].name + \"\\n\";\n\n\t\tfor (var m in oncallTargets[group].shifts[s].members) {\n\n\n\t\t\tif (m < parseInt(input['Escalations'])) {\n\n\t\t\t\tvar wait = \"\";\n\t\t\t\tif (parseInt(oncallTargets[group].shifts[s].members[m].delay) > 0) {\n\t\t\t\t\tvar escalate = \"\";\n\t\t\t\t\tif (oncallTargets[group].shifts[s].members[m].escalationType !== \"NONE\") {\n\n\t\t\t\t\t\tescalate = \"then escalate to \" + oncallTargets[group].shifts[s].members[m].escalationType;\n\t\t\t\t\t}\n\n\t\t\t\t\twait = \" ...wait \" + oncallTargets[group].shifts[s].members[m].delay + \" minute(s) \" + escalate + \"\\n\";\n\t\t\t\t}\n\n\t\t\t\tif (oncallTargets[group].shifts[s].members[m].partOf !== oncallTargets[group].name) {\n\n\t\t\t\t\tif (oncallTargets[group].shifts[s].members[m].shift) {\n\t\t\t\t\t\tvar nestedShift = \" in shift \" + oncallTargets[group].shifts[s].members[m].shift;\n\t\t\t\t\t} else {\n\t\t\t\t\t\tvar nestedShift = \"\";\n\t\t\t\t\t}\n\t\t\t\t\tvar part = \" in nested group \" + oncallTargets[group].shifts[s].members[m].partOf + nestedShift;\n\n\t\t\t\t} else {\n\t\t\t\t\tvar part = \"\";\n\t\t\t\t}\n\n\n\t\t\t\tmembers = members + wait + oncallTargets[group].shifts[s].members[m].fullName + \" (\" + oncallTargets[group].shifts[s].members[m].targetName + \")\" + part + \"\\n\";\n\n\t\t\t} // Close escalations\n\n\t\t} // Close for members\n\nif ( oncallTargets[group].shifts[s].start !== \"none\" && oncallTargets[group].shifts[s].end !== \"none\") {\n\n\t\tvar dates = new Date(oncallTargets[group].shifts[s].start).toUTCString() + \" to \" + new Date(oncallTargets[group].shifts[s].end).toUTCString();\n}\nelse\n{\n    \tvar dates = \"\";\n\n}\n        // Addes the word shift at thend of shift name only if the shift name does not contain the work shift.\n\t\tif (oncallTargets[group].shifts[s].name.indexOf(\"shift\") === -1 && oncallTargets[group].shifts[s].name.indexOf(\"Shift\") === -1 && oncallTargets[group].shifts[s].name !== \"\") {\n\t\t\tvar prefix = \" shift:\";\n\t\t}\n\t\t// Case there there is no shift\n\t\telse if (oncallTargets[group].shifts[s].name === \"\"){\n\t\t    var prefix = \"\";\n\t\t} \n\t\t// Case where shift name contains the word shift\n\t\telse {\n\t\t\tvar prefix = \":\";\n\t\t}\n\n\t\tshifts = shifts + \"\\n_\" + oncallTargets[group].shifts[s].name + prefix + \"_ \" + dates + \"\\n\" + \"```\" + members + \"```\" + \"\\n\\n\";\n\n\t} // Close for shifts\n\n\n\toncalFormatted = oncalFormatted + groupName + shifts;\n\n\n}\n\noutput['onCall'] = oncalFormatted;\n\n\nfunction listOncall(group) {\n\n\tvar apiRequest = http.request({\n\t\t'endpoint': 'xMatters',\n\t\t'path': '/api/xm/1/on-call?groups=' + encodeURIComponent(group) + '&embed=shift,members.owner&membersPerShift=100',\n\t\t'method': 'GET'\n\t});\n\tvar apiResponse = apiRequest.write();\n\n\tif (apiResponse.statusCode == 200) {\n\n\t\tvar response = JSON.parse(apiResponse.body);\n\n\t\tvar oncallTarget = [];\n\t\tvar shifts = [];\n\t\t// Loop each Shift\n\t\tfor (var s in response['data']) {\n\t\t\toncallTarget = [];\n\n\n\t    \t// Check if there are any shifts in the group. If there are not record no primary on call and continue.\n\t\t\tif (response['data'][s]['shift'] === undefined) {\n\n\n        \t        console.log(\"Group has no Shifts\");\n    \t\t\t\t// Group with no member, remove from oncallTargets\n    \t\t\t\tvar newShift = {};\n    \t\t\t\tnewShift.name = \"\";\n    \t\t\t\tnewShift.start = \"none\";\n    \t\t\t\tnewShift.end = \"none\";\n    \t\t\t\tnewShift.timezone = \"\";\n    \n    \t\t\t\tvar newTarget = {};\n    \t\t\t\tnewTarget.partOf = group;\n    \t\t\t\tnewTarget.type = \"Group\";\n    \t\t\t\tnewTarget.position = 0;\n    \t\t\t\tnewTarget.delay = 0;\n    \t\t\t\tnewTarget.escalationType = \"n/a\"\n    \t\t\t\tnewTarget.fullName = \"\";\n    \t\t\t\tnewTarget.targetName =  \"Group has no shifts\";\n    \t\t\t\toncallTarget.push(newTarget);\n    \n    \t\t\t\tnewShift.members = oncallTarget;\n    \t\t\t\tshifts.push(newShift);\n    \n    \t\t\t\treturn shifts;\n\n\n\n\n\n    \t\t\t// Check if there are any members in the shift. \n    \t\t\tif (response['data'][s]['members'].count !== \"0\") {\n    \n    \t\t\t\tconsole.log(\"No Members\");\n    \t\t\t\t// Group with no member, remove from oncallTargets\n    \t\t\t\tvar newShift = {};\n    \t\t\t\tnewShift.name = response['data'][s]['shift']['name'];\n    \t\t\t\tnewShift.start = response['data'][s]['start'];\n    \t\t\t\tnewShift.end = response['data'][s]['end'];\n    \t\t\t\tnewShift.timezone = response['data'][s]['shift']['timezone'];\n    \n    \t\t\t\tvar newTarget = {};\n    \t\t\t\tnewTarget.partOf = group;\n    \t\t\t\tnewTarget.type = \"Group\";\n    \t\t\t\tnewTarget.position = 0;\n    \t\t\t\tnewTarget.delay = 0;\n    \t\t\t\tnewTarget.escalationType = \"n/a\"\n    \t\t\t\tnewTarget.fullName = \"\";\n    \t\t\t\tnewTarget.targetName =  \"Shift has no members\";\n    \t\t\t\toncallTarget.push(newTarget);\n    \n    \t\t\t\tnewShift.members = oncallTarget;\n    \t\t\t\tshifts.push(newShift);\n    \n    \t\t\t\treturn shifts;\n    \t\t\t} else {\n    \t\t\t\tvar newShift = {};\n    \t\t\t\tnewShift.name = response['data'][s]['shift']['name'];\n    \t\t\t\tnewShift.start = response['data'][s]['start'];\n    \t\t\t\tnewShift.end = response['data'][s]['end'];\n    \t\t\t\tnewShift.timezone = response['data'][s]['shift']['timezone'];\n    \n    \t\t\t}\n\t\t\t\n\t\t\t} // close shift check\n\n\t\t\t// Get each member thats on call \n\t\t\tfor (var m in response['data'][s]['members']['data']) {\n\n\t\t\t\tconsole.log(\"Fetch the Group Members: \" + response['data'][s]['members']['data'][m]['member']['targetName'] + \" \" + response['data'][s]['members']['data'][m]['member']['status'] + \" \" + response['data'][s]['members']['data'][m]['member']['recipientType']);\n\n\t\t\t\t// Check if ACTIVE\n\t\t\t\tif (response['data'][s]['members']['data'][m]['member']['status'] === \"ACTIVE\") {\n\n\t\t\t\t\t// Check if recipientType = PERSON\n\t\t\t\t\tif (response['data'][s]['members']['data'][m]['member']['recipientType'] === \"PERSON\") {\n\n\t\t\t\t\t\t//Check for replacement\n\t\t\t\t\t\tif (response['data'][s]['members']['data'][m]['absences'] !== undefined) {\n\n\t\t\t\t\t\t\tfor (var a in response['data'][s]['members']['data'][m]['absences']['data']) {\n\n\t\t\t\t\t\t\t\tif (response['data'][s]['members']['data'][m]['absences']['data'][a]['absenceType'] !== \"VACANCY\") {\n\t\t\t\t\t\t\t\t\tconsole.log(\"Has Absence, Get replacement\");\n\t\t\t\t\t\t\t\t\t// Compare current time in UTC to response['data'][s]['members']['data'][0]['absences']['data'][a]['start'] and response['data'][s]['members']['data'][0]['absences']['data'][a]['end']\n\t\t\t\t\t\t\t\t\tif (currenttime >= new Date(response['data'][s]['members']['data'][m]['absences']['data'][a]['start']) && currenttime <= new Date(response['data'][s]['members']['data'][m]['absences']['data'][a]['end'])) {\n\n\t\t\t\t\t\t\t\t\t\tvar newTarget = {};\n\t\t\t\t\t\t\t\t\t\tnewTarget.partOf = group;\n\t\t\t\t\t\t\t\t\t\tnewTarget.type = response['data'][s]['members']['data'][m]['member']['recipientType'];\n\t\t\t\t\t\t\t\t\t\tnewTarget.position = response['data'][s]['members']['data'][m]['position'];\n\t\t\t\t\t\t\t\t\t\tnewTarget.delay = response['data'][s]['members']['data'][m]['delay'];\n\t\t\t\t\t\t\t\t\t\tnewTarget.escalationType = response['data'][s]['members']['data'][m]['escalationType'];\n\t\t\t\t\t\t\t\t\t\tnewTarget.fullName = response['data'][s]['members']['data'][m]['absences']['data'][a]['replacement']['firstName'] + \" \" + response['data'][s]['members']['data'][m]['absences']['data'][a]['replacement']['lastName'];\n\t\t\t\t\t\t\t\t\t\tnewTarget.targetName = response['data'][s]['members']['data'][m]['absences']['data'][a]['replacement']['targetName'];\n\t\t\t\t\t\t\t\t\t\toncallTarget.push(newTarget);\n\n\t\t\t\t\t\t\t\t\t\tnewShift.members = oncallTarget;\n\n\n\t\t\t\t\t\t\t\t\t}\n\n\t\t\t\t\t\t\t\t} // Close VACANCY check\n\n\t\t\t\t\t\t\t}\n\t\t\t\t\t\t} else {\n\t\t\t\t\t\t\tconsole.log(\"No Absence, set member to oncall list\");\n\n\t\t\t\t\t\t\tvar newTarget = {};\n\t\t\t\t\t\t\tnewTarget.partOf = group;\n\t\t\t\t\t\t\tnewTarget.type = response['data'][s]['members']['data'][m]['member']['recipientType'];\n\t\t\t\t\t\t\tnewTarget.position = response['data'][s]['members']['data'][m]['position'];\n\t\t\t\t\t\t\tnewTarget.delay = response['data'][s]['members']['data'][m]['delay'];\n\t\t\t\t\t\t\tnewTarget.escalationType = response['data'][s]['members']['data'][m]['escalationType'];\n\t\t\t\t\t\t\tnewTarget.fullName = response['data'][s]['members']['data'][m]['member']['firstName'] + \" \" + response['data'][s]['members']['data'][m]['member']['lastName'];\n\t\t\t\t\t\t\tnewTarget.targetName = response['data'][s]['members']['data'][m]['member']['targetName'];\n\t\t\t\t\t\t\tconsole.log(\"Pushing member  \" + JSON.stringify(newTarget));\n\t\t\t\t\t\t\toncallTarget.push(newTarget);\n\t\t\t\t\t\t\tconsole.log(\"Previous oncallTarget:  \" + JSON.stringify(oncallTarget));\n\t\t\t\t\t\t\tconsole.log(\"Previous newShift:  \" + JSON.stringify(newShift));\n\t\t\t\t\t\t\tconsole.log(\"Previous newShift.members:  \" + newShift.members);\n\t\t\t\t\t\t\tnewShift.members = oncallTarget;\n\n\t\t\t\t\t\t} // Close else and Absence check              \n\n\t\t\t\t\t} // Close is PERSON\n\t\t\t\t\telse if (response['data'][s]['members']['data'][m]['member']['recipientType'] === \"DEVICE\") {\n\n\t\t\t\t\t\tif (response['data'][s]['members']['data'][m]['member']['deviceType'] === \"VOICE\") {\n\n\t\t\t\t\t\t\tvar newTarget = {};\n\t\t\t\t\t\t\tnewTarget.partOf = group;\n\t\t\t\t\t\t\tnewTarget.type = response['data'][s]['members']['data'][m]['member']['recipientType'];\n\t\t\t\t\t\t\tnewTarget.position = response['data'][s]['members']['data'][m]['position'];\n\t\t\t\t\t\t\tnewTarget.delay = response['data'][s]['members']['data'][m]['delay'];\n\t\t\t\t\t\t\tnewTarget.escalationType = response['data'][s]['members']['data'][m]['escalationType'];\n\t\t\t\t\t\t\tnewTarget.fullName = response['data'][s]['members']['data'][m]['member']['owner']['firstName'] + \" \" + response['data'][s]['members']['data'][m]['member']['owner']['lastName'];\n\t\t\t\t\t\t\tnewTarget.targetName = response['data'][s]['members']['data'][m]['member']['owner']['targetName'];\n\t\t\t\t\t\t\toncallTarget.push(newTarget);\n\n\t\t\t\t\t\t\tnewShift.members = oncallTarget;\n\n\t\t\t\t\t\t}\n\n\n\t\t\t\t\t} else if (response['data'][s]['members']['data'][m]['member']['recipientType'] === \"GROUP\") {\n\t\t\t\t\t\tconsole.log(\"Nested groups \" + response['data'][s]['members']['data'][m]['member']['targetName']);\n\n\t\t\t\t\t\t// Found group get oncall for this group and add targets \n\t\t\t\t\t\tvar nestedOncall = listOncall(response['data'][s]['members']['data'][m]['member']['targetName']);\n\n                        // This will not add the entier shift object to nested groups with multiple shifts.\n                        // The shift a user belongs to will be displayed inline with the member.\n\t\t\t\t\t\t// Loop through returned members and add to oncallTarget list\n\t\t\t\t\t\tfor (var sh in nestedOncall) {\n\n\t\t\t\t\t\t\tfor (var nested in nestedOncall[sh].members) {\n\n\t\t\t\t\t\t\t\t// adds a shift name to member for nested groups only.\n\t\t\t\t\t\t\t\tnestedOncall[sh].members[nested].shift = nestedOncall[sh].name;\n\t\t\t\t\t\t\t\toncallTarget.push(nestedOncall[sh].members[nested]);\n\t\t\t\t\t\t\t\tnewShift.members = oncallTarget;\n\n\t\t\t\t\t\t\t}\n\n\n\t\t\t\t\t\t}\n\n\t\t\t\t\t\tconsole.log(\"oncallTarget after group push \" + JSON.stringify(oncallTarget));\n\n\t\t\t\t\t}\n\n\n\t\t\t\t} // Close ACTIVE\n\n\t\t\t} // Close Loop members\n\t\t\tconsole.log(\"Pushing shift Now \" + JSON.stringify(newShift));\n\t\t\tshifts.push(newShift);\n\t\t} // Close each shift    \n\n\n\t\tconsole.log(\"shifts FINAL \" + JSON.stringify(shifts));\n\t\treturn shifts;\n\t\t//======================================================================================                    \n\n\t} // Close Get API\n\t// No group found \n\telse {\n\n\t\tvar oncallTarget = [];\n\t\tvar shifts = [];\n\t\t\n\t\tvar newShift = {};\n\t\tnewShift.name = \"This group does not exist and has no shifts\"\n\t\tnewShift.start = \"none\";\n\t\tnewShift.end = \"none\";\n\t\tnewShift.timezone = \"\";\n\n\t\tvar newTarget = {};\n\t\tnewTarget.partOf = group;\n\t\tnewTarget.type = \"PERSON\";\n\t\tnewTarget.position = 0;\n\t\tnewTarget.delay = 0;\n\t\tnewTarget.escalationType = \"n/a\"\n\t\tnewTarget.fullName = \"Group does not exist\";\n\t\tnewTarget.targetName = group;\n\t\toncallTarget.push(newTarget);\n\n\t\tnewShift.members = oncallTarget;\n\t\tshifts.push(newShift);\n\n\n\t\treturn shifts;\n\n\t}\n\n} // Close Function",
    "endpointLabel": "xMatters",
    "allowedEnvironment": "HOSTED",
    "accessibleByAll": "NotShared",
    "scriptStepType": "USER",
    "inputs": [
      {
        "id": "a5592f22-fd7b-47e4-a807-7f7457f469c9",
        "name": "Groups",
        "helpText": "This input should contain a pipe | delimited list of groups. Ideally you would use the constant defined in this workflow called \"Groups\" but it is not required.",
        "defaultValue": "",
        "multiline": false,
        "required": false,
        "validationRegex": "",
        "maxLength": 20000,
        "minLength": 0,
        "position": 0
      },
      {
        "id": "35477b2e-b6cd-4589-a2a6-9c35506af1ac",
        "name": "Escalations",
        "helpText": "How many levels of escalations would you like to post to chat ops?",
        "defaultValue": "1",
        "multiline": false,
        "required": false,
        "maxLength": 2000,
        "minLength": 0,
        "position": 1
      }
    ],
    "outputs": [
      {
        "id": "200d0a2a-4fb3-40d2-aa39-665c1349dbaa",
        "name": "onCall",
        "description": "",
        "position": 0
      }
    ]
  }
]