{
  "name": "Slack Who's on Call Workflow",
  "form": "4ba35335-f675-4aff-a229-6a953780deb8",
  "blocks": [
    {
      "id": "b6e40f8c-726b-472a-8428-90611e81dce4",
      "endpoint": "xMatters",
      "label": "Get Who's On Call from List of Groups",
      "presentation": "{\"w\":60,\"x\":339,\"h\":60,\"y\":147}",
      "step": "48a25434-24b3-435d-a230-0a92b00621fc",
      "stepType": "SCRIPT_STEP",
      "inputMappings": [
        {
          "inputPort": "input",
          "mapping": "${constants.Groups}",
          "stepInput": "a5592f22-fd7b-47e4-a807-7f7457f469c9"
        },
        {
          "inputPort": "input",
          "mapping": "10",
          "stepInput": "35477b2e-b6cd-4589-a2a6-9c35506af1ac"
        }
      ]
    },
    {
      "id": "33c6517b-5b9b-499b-b258-bc2b2a759808",
      "endpoint": "Slack",
      "label": "Post to Channel",
      "presentation": "{\"w\":60,\"x\":510,\"h\":60,\"y\":146}",
      "step": "35beee73-56f6-5ecf-ba71-484f79304feb",
      "stepType": "SCRIPT_STEP",
      "inputMappings": [
        {
          "inputPort": "input",
          "mapping": "inc0010057",
          "stepInput": "2fdc0b37-5756-5826-9fed-600f8c9fe833"
        },
        {
          "inputPort": "input",
          "mapping": "${b6e40f8c-726b-472a-8428-90611e81dce4.onCall}",
          "stepInput": "799e9bcb-4144-53e3-a504-788bd5e222c2"
        },
        {
          "inputPort": "input",
          "mapping": "true",
          "stepInput": "970a1655-965c-51e7-bf6d-6fe3da8af91f"
        }
      ]
    },
    {
      "id": "2bc43899-bc4a-4a2c-9e2b-3e7de4703f8e",
      "label": "Slack Who's on Call - Event Status Updates",
      "presentation": "{\"w\":60,\"x\":0,\"h\":60,\"y\":146}",
      "step": "8ca58fef-4cec-41c5-89bb-a395c6f13f89",
      "stepType": "INTEGRATION"
    },
    {
      "id": "1d6ebea2-2d5e-472c-b986-648e412e45bc",
      "label": "Switch",
      "presentation": "{\"w\":60,\"x\":170,\"h\":60,\"y\":0}",
      "stepType": "SWITCH",
      "inputMappings": [
        {
          "inputPort": "input",
          "mapping": "${event.status}"
        }
      ],
      "switchCases": [
        {
          "caseId": "503605e1-f697-45a9-9516-bc41a341918d",
          "caseValue": "ACTIVE"
        }
      ]
    }
  ],
  "edges": [
    {
      "fromBlock": "b6e40f8c-726b-472a-8428-90611e81dce4",
      "fromPort": "output",
      "toBlock": "33c6517b-5b9b-499b-b258-bc2b2a759808",
      "toPort": "input"
    },
    {
      "fromBlock": "1d6ebea2-2d5e-472c-b986-648e412e45bc",
      "fromPort": "503605e1-f697-45a9-9516-bc41a341918d",
      "toBlock": "b6e40f8c-726b-472a-8428-90611e81dce4",
      "toPort": "input"
    },
    {
      "fromBlock": "2bc43899-bc4a-4a2c-9e2b-3e7de4703f8e",
      "fromPort": "output",
      "toBlock": "1d6ebea2-2d5e-472c-b986-648e412e45bc",
      "toPort": "input"
    }
  ]
}