{
  "name": "Slack Who's on Call Workflow",
  "form": "9c98a72e-cc17-40e1-8d72-f42ebac6ac08",
  "blocks": [
    {
      "id": "8a6115b5-2ddd-44de-a340-4cdaff34ed50",
      "endpoint": "xMatters",
      "label": "Get Who's On Call from List of Groups",
      "presentation": "{\"w\":60,\"x\":1229,\"h\":60,\"y\":558}",
      "step": "04ce05c1-a98d-4841-ac20-cfde4c36e39c",
      "stepType": "SCRIPT_STEP",
      "inputMappings": [
        {
          "inputPort": "input",
          "mapping": "${constants.Groups}",
          "stepInput": "f0d39192-c671-493a-9344-b55b99af2299"
        }
      ]
    },
    {
      "id": "0820b9cf-d9fa-4bd6-ab66-7e6d9d3d780b",
      "endpoint": "Slack",
      "label": "Post to Channel",
      "presentation": "{\"w\":60,\"x\":1449,\"h\":60,\"y\":558}",
      "step": "35beee73-56f6-5ecf-ba71-484f79304feb",
      "stepType": "SCRIPT_STEP",
      "inputMappings": [
        {
          "inputPort": "input",
          "mapping": "Slack Channel Name",
          "stepInput": "2fdc0b37-5756-5826-9fed-600f8c9fe833"
        },
        {
          "inputPort": "input",
          "mapping": "${8a6115b5-2ddd-44de-a340-4cdaff34ed50.onCall}",
          "stepInput": "799e9bcb-4144-53e3-a504-788bd5e222c2"
        },
        {
          "inputPort": "input",
          "mapping": "true",
          "stepInput": "970a1655-965c-51e7-bf6d-6fe3da8af91f"
        }
      ]
    },
    {
      "id": "86e3d332-8057-4928-9b0d-890d534e46e9",
      "label": "Slack Who's on Call - Event Status Updates",
      "presentation": "{\"w\":60,\"x\":739,\"h\":60,\"y\":408}",
      "step": "897eb7fa-1a7d-4790-81c2-b30f3c76ee7d",
      "stepType": "INTEGRATION"
    },
    {
      "id": "995f424a-18bd-446f-89fe-0e4b19d89fe8",
      "label": "Switch",
      "presentation": "{\"w\":60,\"x\":970,\"h\":60,\"y\":423}",
      "stepType": "SWITCH",
      "inputMappings": [
        {
          "inputPort": "input",
          "mapping": "${event.status}"
        }
      ],
      "switchCases": [
        {
          "caseId": "f44d7885-7705-492a-a607-dec6c82a0d08",
          "caseValue": "ACTIVE"
        }
      ]
    }
  ],
  "edges": [
    {
      "fromBlock": "86e3d332-8057-4928-9b0d-890d534e46e9",
      "fromPort": "output",
      "toBlock": "995f424a-18bd-446f-89fe-0e4b19d89fe8",
      "toPort": "input"
    },
    {
      "fromBlock": "8a6115b5-2ddd-44de-a340-4cdaff34ed50",
      "fromPort": "output",
      "toBlock": "0820b9cf-d9fa-4bd6-ab66-7e6d9d3d780b",
      "toPort": "input"
    },
    {
      "fromBlock": "995f424a-18bd-446f-89fe-0e4b19d89fe8",
      "fromPort": "f44d7885-7705-492a-a607-dec6c82a0d08",
      "toBlock": "8a6115b5-2ddd-44de-a340-4cdaff34ed50",
      "toPort": "input"
    }
  ]
}