[
  {
    "id": "0055a1e1-cfe5-4638-b788-9c36250605cb",
    "name": "Merge On-Call",
    "description": "",
    "icon": "http://s3-xmatters-static.s3.amazonaws.com/null/customers/8d580702-986e-4de3-873d-3a75b8073b42/IMAGE__20191018211341136__oncall-who.png",
    "script": "// Split Groups Input assuming each group is seperated with a pipe |\n// Change this here if your group names contain pipes\nvar groups = input['Groups'].split('|');\n\nvar oncallTargets = [];\nvar currenttime = new Date();\n\nfor (var g in groups) {\n\n    // Call function to get Group On-call\n    //getGroup(<Group Name>)\n    var groupRes = getGroup(groups[g]);\n    console.log(\"groupRes: \" + JSON.stringify(groupRes));\n    \n\n    // Call function to get shifts and members\n    // Not nested this is first call\n    // getGroup(<Group On Call Response from getGroup Function>, <Group Name>, <Wait Time from last Group Member (-1) for first member of primary group>)\n    var shiftRes = getShift(groupRes, groups[g], -1);\n    console.log(\"shiftRes: \" + JSON.stringify(shiftRes));\n\n\n    // Call function to merge Nested Groups with parent Shift\n    var mergeRes = mergeGroups(shiftRes);\n    console.log(\"mergeRes: \" + JSON.stringify(mergeRes));\n\n    // Build Group Object to help with procesing chat message and break shifts into respective groups\n    var groupObj = {};\n    groupObj.name = groups[g];\n    groupObj.shifts = mergeRes;\n    oncallTargets.push(groupObj);\n\n\n    // Call function to build chat message\n    // This function uses markup for Slack. \n    // If you want to use this integration with another tool you may need to change come of the markup.\n    var formatted = formatmessage(oncallTargets);\n    console.log(\"Formatted Message: \" + JSON.stringify(formatted));\n\n\n    // Set the OnCall output to use used when posting to chat ops tool\n    output['OnCall'] = formatted;\n\n} // Close for each group\n\n\n\n\n\n\n\n\n\n\n\n\n\n// Formats On-call results to post to chatops tool\nfunction formatmessage(oncallTargets) {\n\n\n    var oncalFormatted = \"\";\n    for (var group in oncallTargets) {\n\n        // *Group Name*  \n        // * in slack means bold\n        var groupName = \"*\" + oncallTargets[group].name + \": *\\n\";\n\n\n        var shifts = \"\";\n        for (var s in oncallTargets[group].shifts) {\n            var shiftName = \"\";\n            var members = \"\";\n\n            // Sets the initial shift name. Markup is added later as well as the start and end time\n            shiftName = oncallTargets[group].shifts[s].name + \"\\n\";\n\n            for (var m in oncallTargets[group].shifts[s].members) {\n\n                // Only list oncall up to the input esclations number\n                if (m < parseInt(input['Escalations'])) {\n\n                    var wait = \"\";\n\n                    //  Add wait time messaging\n                    // ...wait 5 minute(s) then escalate to Management\n                    if (parseInt(oncallTargets[group].shifts[s].members[m].delay) > 0) {\n\n                        // If wait time escalation set to Management or Peer add \n                        // \"then escalate to\"\n                        var escalate = \"\";\n                        if (oncallTargets[group].shifts[s].members[m].escalationType !== \"NONE\") {\n\n                            escalate = \"then escalate to \" + oncallTargets[group].shifts[s].members[m].escalationType.toLowerCase();\n                        }\n\n                        // Concatenates wait time message with escalation message\n                        wait = \"...wait \" + oncallTargets[group].shifts[s].members[m].delay + \" minute(s) \" + escalate + \"\\n\";\n                    }\n\n                    // Add nested group and shift message\n                    // \"in nested group Data Center Responders in shift Default Shift\"\n                    // Only add message when member is part of a nested group\n                    if (oncallTargets[group].shifts[s].members[m].partOf !== oncallTargets[group].name) {\n         \n                        if (oncallTargets[group].shifts[s].members[m].shift) {\n                            var nestedShift = \" in shift \" + oncallTargets[group].shifts[s].members[m].shift;\n                        } else {\n                            var nestedShift = \"\";\n                        }\n\n                        var part = \" in nested group \" + oncallTargets[group].shifts[s].members[m].partOf + nestedShift;\n\n                    } else {\n                        var part = \"\";\n                    }\n\n                    // Concatendate member message\n                    // \"Anikin Skywalker (ASkywalker) in nested group Data Center Respondents in shift Day\"\n                    members = members + wait + oncallTargets[group].shifts[s].members[m].fullName + \" (\" + oncallTargets[group].shifts[s].members[m].targetName + \")\" + part + \"\\n\";\n\n                } // Close escalations\n\n            } // Close for members\n\n            // When there is a shift with start and end time add this to the Shift Name.\n            // \"Overnight shift: Fri, 18 Oct 2019 07:00:00 GMT to Sat, 19 Oct 2019 07:00:00 GMT\"\n            // Only add when there is a shift in the group\n            if (oncallTargets[group].shifts[s].start !== \"none\" && oncallTargets[group].shifts[s].end !== \"none\") {\n\n                var dates = new Date(oncallTargets[group].shifts[s].start).toUTCString() + \" to \" + new Date(oncallTargets[group].shifts[s].end).toUTCString();\n            } else {\n                var dates = \"\";\n\n            }\n\n            // Addes the word \"shift\" to the end of the shift name.\n            // Only adds \"shift\" if the shift name does not already contain the word \"shift\".\n            if (oncallTargets[group].shifts[s].name.indexOf(\"shift\") === -1 && oncallTargets[group].shifts[s].name.indexOf(\"Shift\") === -1 && oncallTargets[group].shifts[s].name !== \"\") {\n                var prefix = \" shift:\";\n            }\n            // Case there there is no shift\n            else if (oncallTargets[group].shifts[s].name === \"\") {\n                var prefix = \"\";\n            }\n            // Case where shift name contains the word shift\n            else {\n                var prefix = \":\";\n            }\n\n            // Concatenate the Shift string.\n            // _ in slack means italics \n            // ``` in slack means code section.\n            // because the membership of a group is all contained in ``` you are unable to add other markup to this section.\n            // You are free to change how this is formatted but there are not many options in slack if you want to Group, shifts and members distinctive.\n            shifts = shifts + \"\\n_\" + oncallTargets[group].shifts[s].name + prefix + \"_ \" + dates + \"\\n\" + \"```\" + members + \"```\" + \"\\n\\n\";\n\n        } // Close for shifts\n\n\n        // Concatenate each oncall member, group and shift\n        oncalFormatted = oncalFormatted + groupName + shifts;\n\n\n    }\n\n\n    return oncalFormatted;\n}\n\n\n\n\n\n\n\n\n\n\n\n\n\n// Get who's on call from xMatters\n// group = Group Name\nfunction getGroup(group) {\n\n    var groupObj = {};\n    groupObj.name = group;\n\n    var apiRequest = http.request({\n        'endpoint': 'xMatters',\n        'path': '/api/xm/1/on-call?groups=' + encodeURIComponent(group) + '&embed=shift,members.owner&membersPerShift=100',\n        'method': 'GET'\n    });\n    var apiResponse = apiRequest.write();\n\n    if (apiResponse.statusCode == 200) {\n\n        var response = JSON.parse(apiResponse.body);\n        return response;\n    }\n}\n\n\n\n\n\n\n\n\n\n\n\n\n\n// Get shifts from  getGroup response\n// groupRes = who's on call response from getGroup(group) \n// group = Group Name from Group Input\n// startDelay = Timeline for last member before nested group. Comes from mergeGroups() function. It is the timeline variable for the last member \nfunction getShift(groupRes, group, startDelay) {\n\n    var response = groupRes;\n\n    shiftMap = [];\n\n    // Loop each Shift\n    // primary group may have multiple shifts\n    for (var s in response['data']) {\n      \n\n        // Check if there are any shifts in the group. If there are not, record no primary on call and continue.\n        if (response['data'][s]['shift'] === undefined) {\n            \n            // Group with no member, remove from oncallTargets\n            console.log(\"Group has no Shifts\");\n            var oncallTarget = [];\n\n            var newShift = {};\n            newShift.name = \"\";\n            newShift.start = \"none\";\n            newShift.end = \"none\";\n            newShift.timezone = \"\";\n\n            var newTarget = {};\n            newTarget.partOf = group;\n            newTarget.type = \"Group\";\n            newTarget.position = 0;\n            newTarget.delay = 0;\n            newTarget.escalationType = \"n/a\"\n            newTarget.fullName = \"\";\n            newTarget.targetName = \"Group has no shifts\";\n            oncallTarget.push(newTarget);\n\n            newShift.members = oncallTarget;\n            shiftMap.push(newShift);\n\n            console.log(\"No shifts in group \" + JSON.stringify(shiftMap));\n\n        } else {\n\n\n            // Check if there are any members in the shift. \n            if (parseInt(response['data'][s]['members'].count) === 0) {\n\n                // Group with no member, remove from oncallTargets\n                console.log(\"Shift has No Members\");\n                var oncallTarget = [];\n\n                var newShift = {};\n                newShift.name = response['data'][s]['shift']['name'];\n                newShift.start = response['data'][s]['start'];\n                newShift.end = response['data'][s]['end'];\n                newShift.timezone = response['data'][s]['shift']['timezone'];\n\n                var newTarget = {};\n                newTarget.partOf = group;\n                newTarget.type = \"Group\";\n                newTarget.position = 0;\n                newTarget.delay = 0;\n                newTarget.escalationType = \"n/a\"\n                newTarget.fullName = \"\";\n                newTarget.targetName = \"Shift has no members\";\n                oncallTarget.push(newTarget);\n\n                newShift.members = oncallTarget;\n                shiftMap.push(newShift);\n\n                console.log(\"No members in shift \" + JSON.stringify(shiftMap));\n\n\n            } else {\n\n                // Shift has members\n                // Setup newShift object and use getMembers function to process shift members.\n                console.log(\"Has Members\");\n\n                var newShift = {};\n                newShift.name = response['data'][s]['shift']['name'];\n                newShift.start = response['data'][s]['start'];\n                newShift.end = response['data'][s]['end'];\n                newShift.timezone = response['data'][s]['shift']['timezone'];\n\n                var membersRes = getMembers(newShift, group, response, s, startDelay);\n                shiftMap.push(membersRes);\n\n                console.log(\"Shift membersRes \" + JSON.stringify(membersRes));\n                console.log(\"shiftMap \" + JSON.stringify(shiftMap));\n            }\n\n        } // close shift check\n\n\n    } // close  shift loop\n\n    console.log(\"Final shiftMap \" + JSON.stringify(shiftMap));\n    return shiftMap;\n\n}\n\n\n\n\n\n\n\n\n\n\n\n\n\n// Get members from who's on call response and puts them into a new object.\n// newShift = the current shift we want to add members to. This comes from getShift() function.\n// group = the current group being processed. This comes from the initial look through input groups.\n// response = This is the response from the who's on call api and the result of getGroup(group) function.\n// s = this is the current shift in the shift loop from getShift() function.\n// startDelay = Delay for last member before nested group\nfunction getMembers(newShift, group, response, s, startDelay) {\n\n  \n    var oncallTarget = [];\n\n    for (var m in response['data'][s]['members']['data']) {\n\n        // Calculate the time line variable for each member\n\n        // Case of parent group first member\n        if (parseInt(startDelay) == -1) {\n\n            //first member in primary group\n            if (parseInt(m) == 0) {\n\n                var lastDelay = parseInt(response['data'][s]['members']['data'][m]['delay']);\n                console.log(\"fFirst member in primary group \" + lastDelay);\n            }\n\n        }\n\n        // All other members\n        if (parseInt(m) == 0 && parseInt(startDelay) !== -1) {\n\n            var lastDelay = parseInt(startDelay) + parseInt(response['data'][s]['members']['data'][m]['delay']);\n            console.log(\"startDelay: \" + parseInt(startDelay) + \" delay \" + parseInt(response['data'][s]['members']['data'][m]['delay']));\n        } else if (parseInt(m) !== 0) {\n\n            var last = parseInt(m) - 1;\n            var lastDelay = parseInt(oncallTarget[last]['timeline']) + parseInt(response['data'][s]['members']['data'][m]['delay']);\n            console.log(\"timeline: \" + parseInt(oncallTarget[last]['timeline']) + \" delay \" + parseInt(response['data'][s]['members']['data'][m]['delay']));\n        }\n\n\n\n        console.log(\"Fetch the Group Members: \" + response['data'][s]['members']['data'][m]['member']['targetName'] + \" \" + response['data'][s]['members']['data'][m]['member']['recipientType']);\n\n        // Check if ACTIVE\n        if (response['data'][s]['members']['data'][m]['member']['status'] === \"ACTIVE\" ) {\n\n            // Check if recipientType = PERSON\n            if (response['data'][s]['members']['data'][m]['member']['recipientType'] === \"PERSON\") {\n\n                //Check for replacement\n                if (response['data'][s]['members']['data'][m]['absences'] !== undefined) {\n\n                    for (var a in response['data'][s]['members']['data'][m]['absences']['data']) {\n\n                        if (response['data'][s]['members']['data'][m]['absences']['data'][a]['absenceType'] !== \"VACANCY\") {\n                            console.log(\"Has Absence, Get replacement\");\n                            \n                            if (currenttime >= new Date(response['data'][s]['members']['data'][m]['absences']['data'][a]['start']) && currenttime <= new Date(response['data'][s]['members']['data'][m]['absences']['data'][a]['end'])) {\n\n                                var newTarget = {};\n                                newTarget.partOf = group;\n                                newTarget.type = response['data'][s]['members']['data'][m]['member']['recipientType'];\n                                newTarget.position = response['data'][s]['members']['data'][m]['position'];\n                                newTarget.delay = response['data'][s]['members']['data'][m]['delay'];\n                                newTarget.escalationType = response['data'][s]['members']['data'][m]['escalationType'];\n                                newTarget.fullName = response['data'][s]['members']['data'][m]['absences']['data'][a]['replacement']['firstName'] + \" \" + response['data'][s]['members']['data'][m]['absences']['data'][a]['replacement']['lastName'];\n                                newTarget.targetName = response['data'][s]['members']['data'][m]['absences']['data'][a]['replacement']['targetName'];\n                                newTarget.shift =  newShift.name;\n\n                                newTarget.timeline = lastDelay;\n                                oncallTarget.push(newTarget);\n\n\n                            }\n\n                        } // Close VACANCY check\n\n                    } // each absence a\n                } else {\n\n                    console.log(\"No Absence, set member to oncall list\");\n\n                    var newTarget = {};\n                    newTarget.partOf = group;\n                    newTarget.type = response['data'][s]['members']['data'][m]['member']['recipientType'];\n                    newTarget.position = response['data'][s]['members']['data'][m]['position'];\n                    newTarget.delay = response['data'][s]['members']['data'][m]['delay'];\n                    newTarget.escalationType = response['data'][s]['members']['data'][m]['escalationType'];\n                    newTarget.fullName = response['data'][s]['members']['data'][m]['member']['firstName'] + \" \" + response['data'][s]['members']['data'][m]['member']['lastName'];\n                    newTarget.targetName = response['data'][s]['members']['data'][m]['member']['targetName'];\n                    newTarget.shift =  newShift.name;\n\n                    newTarget.timeline = lastDelay;\n                    oncallTarget.push(newTarget);\n\n\n\n                } // Close else and Absence check              \n\n            } // Close is PERSON\n            else if (response['data'][s]['members']['data'][m]['member']['recipientType'] === \"DEVICE\") {\n\n\n                var newTarget = {};\n                newTarget.partOf = group;\n                newTarget.type = response['data'][s]['members']['data'][m]['member']['recipientType'];\n                newTarget.position = response['data'][s]['members']['data'][m]['position'];\n                newTarget.delay = response['data'][s]['members']['data'][m]['delay'];\n                newTarget.escalationType = response['data'][s]['members']['data'][m]['escalationType'];\n                newTarget.fullName = response['data'][s]['members']['data'][m]['member']['owner']['firstName'] + \" \" + response['data'][s]['members']['data'][m]['member']['owner']['lastName'];\n                newTarget.targetName = response['data'][s]['members']['data'][m]['member']['targetName'];\n                newTarget.shift =  newShift.name;\n\n                newTarget.timeline = lastDelay;\n                oncallTarget.push(newTarget);\n\n \n\n            } else if (response['data'][s]['members']['data'][m]['member']['recipientType'] === \"GROUP\") {\n\n                console.log(\"GROUP\");\n\n                var newTarget = {};\n                newTarget.partOf = group;\n                newTarget.type = response['data'][s]['members']['data'][m]['member']['recipientType'];\n                newTarget.position = response['data'][s]['members']['data'][m]['position'];\n                newTarget.delay = response['data'][s]['members']['data'][m]['delay'];\n                newTarget.escalationType = response['data'][s]['members']['data'][m]['escalationType'];\n                newTarget.fullName = \"\";\n                newTarget.targetName = response['data'][s]['members']['data'][m]['member']['targetName'];\n\n                newTarget.timeline = lastDelay;\n                oncallTarget.push(newTarget);\n\n            } \n\n\n        } // Close if Active\n         // check for dynamic team. We do this here because dynamic team do not have a status attribute\n        else if (response['data'][s]['members']['data'][m]['member']['recipientType'] === \"DYNAMIC_TEAM\") {\n\n                console.log(\"Dynamic Team\");\n\n                var newTarget = {};\n                newTarget.partOf = group;\n                newTarget.type = response['data'][s]['members']['data'][m]['member']['recipientType'];\n                newTarget.position = response['data'][s]['members']['data'][m]['position'];\n                newTarget.delay = response['data'][s]['members']['data'][m]['delay'];\n                newTarget.escalationType = response['data'][s]['members']['data'][m]['escalationType'];\n                newTarget.fullName = response['data'][s]['members']['data'][m]['member']['targetName'] ;\n                newTarget.targetName = \"Dynamic Team: Check xM for membership\";\n\n                newTarget.timeline = lastDelay;\n                oncallTarget.push(newTarget);\n\n            } // CLose dynamic team\n\n    } // close for member\n    console.log(\"Final Oncall Members: \" + JSON.stringify(oncallTarget));\n\n    // Set members to the shift object\n    newShift.members = oncallTarget;\n    console.log(\"newShift: \" + JSON.stringify(newShift));\n\n    return newShift;\n }\n\n\n\n\n\n\n\n\n\n\n\n\n\n// Merges neted groups with primary group shifts.\n// shiftRes = response from getShift() function. \nfunction mergeGroups(shiftRes) {\n\n    var mergedShifts = [];\n    var mergedShift = {};\n\n    // for each shift in primary.\n    for (var ps in shiftRes) {\n\n        mergedShift = shiftRes[ps];\n\n        // for each memeber in each primary shift check if its a group\n        for (var sm in shiftRes[ps].members) {\n\n            // is there a nested group\n            if (shiftRes[ps].members[sm].type === \"GROUP\") {\n\n                var groupRes = getGroup(shiftRes[ps].members[sm].targetName);\n                console.log(\"groupRes : \" + JSON.stringify(groupRes));\n\n                var nestedshiftRes = getShift(groupRes, shiftRes[ps].members[sm].targetName, shiftRes[ps].members[sm].timeline);\n                // primary group shiftRes = [{shift1},{shift2},{shift3}]\n\n                // Removed the recently found group from primary\n                mergedShift.members.splice(sm, 1);\n                console.log(\"mergedShift after removing group : \" + JSON.stringify(mergedShift));\n\n                // Merge each nested Group Shift with the primary and resort\n                for (var ns in nestedshiftRes) {\n\n                    // sortShift(primaryShift, nestedShift)\n                    var sorted = sortShift(mergedShift, nestedshiftRes[ns]);\n\n                    mergedShift = sorted;\n                    console.log(\"mergedShift: \" + JSON.stringify(mergedShift));\n\n\n                }\n\n\n            }\n\n\n        }\n\n\n        mergedShifts.push(mergedShift);\n\n    } // Close for each ps\n\n    // after for each shift is closed lets check the shifts again to see if there are still any groups.\n    // If we find more groups repeat this function until all groups have been looked up and merged.\n    for (var ms in mergedShifts) {\n    \n        for (var ang in mergedShifts[ms].members) {\n            console.log(\" mergedShift.members \" + mergedShifts[ms].members[ang].targetName + \" is \" + mergedShifts[ms].members[ang].type);\n            \n            if (mergedShifts[ms].members[ang].type === \"GROUP\") {\n\n                console.log(\"Found another group mergeshift again \" + mergedShifts[ms].members[ang].targetName);\n\n                // Starts the function again with the mergedShifts from last run \n                var reMerge = mergeGroups(mergedShifts);\n                console.log(\"reMerge \" + JSON.stringify(reMerge));\n\n            }\n\n\n        }\n\n    }\n\n\n    console.log(\"Final mergedShifts. No groups remaining: \" + JSON.stringify(mergedShifts));\n    return mergedShifts;\n\n}\n\n\n\n\n\n\n\n\n\n\n\n\n\n// Merges shift from Primary group with a shift from nested group.\n// Orders shift accordingly.\n// Recalculates the delay for each member\nfunction sortShift(primaryShift, nestedShift) {\n\n    var primaryMembers = primaryShift.members;\n    var nestedMembers = nestedShift.members;\n\n\n    var mergedShift = primaryMembers.concat(nestedMembers);\n    console.log(\"mergedShift primary and nested shift: \" + JSON.stringify(mergedShift));\n\n\n    // Sort merged Shifts members inorder by timeline\n    mergedShift.sort(function(a, b) {\n        return a.timeline - b.timeline;\n    });\n\n\n    // Recalculate delay\n    for (var me in mergedShift) {\n        var last = parseInt(me) - 1;\n\n        // Fist member\n        if (parseInt(me) == 0) {\n        \n            mergedShift[me].delay = parseInt(mergedShift[me].timeline);\n\n        } else if (parseInt(me) > 0) {\n\n            mergedShift[me].delay = parseInt(mergedShift[me].timeline) - parseInt(mergedShift[last].timeline);\n        }\n\n    }\n    console.log(\"mergedShift with recalculated delays \" + JSON.stringify(mergedShift));\n\n\n    primaryShift.members = mergedShift;\n\n    return primaryShift;\n\n\n}\n",
    "endpointLabel": "xMatters",
    "allowedEnvironment": "HOSTED",
    "accessibleByAll": "NotShared",
    "scriptStepType": "USER",
    "inputs": [
      {
        "id": "855be80c-5a44-48be-9e26-7f6dc31c23bc",
        "name": "Groups",
        "helpText": "This input should contain a pipe | delimited list of groups. Ideally you would use the constant defined in this workflow called \"Groups\" but it is not required.",
        "defaultValue": "",
        "multiline": false,
        "required": true,
        "maxLength": 20000,
        "minLength": 0,
        "position": 0
      },
      {
        "id": "2cd7e224-4aa3-4aaa-996e-8903249365e5",
        "name": "Escalations",
        "helpText": "How many levels of escalations would you like to post to chat ops?",
        "defaultValue": "",
        "multiline": false,
        "required": true,
        "maxLength": 2000,
        "minLength": 0,
        "position": 1
      }
    ],
    "outputs": [
      {
        "id": "d6ae6343-bb7b-4bf3-8467-a9019fb68eb0",
        "name": "OnCall",
        "position": 0
      }
    ]
  }
]