{
  "name": "Slack Who's on Call Workflow",
  "form": "4ba35335-f675-4aff-a229-6a953780deb8",
  "blocks": [
    {
      "id": "45acc9b8-b40f-4835-b64e-3fc7585c60ed",
      "endpoint": "xMatters",
      "label": "AAA. Merge On-Call",
      "environment": "HOSTED",
      "presentation": "{\"w\":60,\"x\":435,\"h\":60,\"y\":135}",
      "step": "0055a1e1-cfe5-4638-b788-9c36250605cb",
      "stepType": "SCRIPT_STEP",
      "inputMappings": [
        {
          "inputPort": "input",
          "mapping": "${constants.Groups}",
          "stepInput": "855be80c-5a44-48be-9e26-7f6dc31c23bc"
        },
        {
          "inputPort": "input",
          "mapping": "20",
          "stepInput": "2cd7e224-4aa3-4aaa-996e-8903249365e5"
        },
        {
          "inputPort": "input",
          "mapping": "Work Phone|Mobile Phone|On-Call SMS",
          "stepInput": "60237b39-35ec-4b1a-9d87-bc55ffdcb390"
        }
      ]
    },
    {
      "id": "33c6517b-5b9b-499b-b258-bc2b2a759808",
      "endpoint": "Slack",
      "label": "Post to Channel",
      "environment": "HOSTED",
      "presentation": "{\"w\":60,\"x\":649,\"h\":60,\"y\":135}",
      "step": "35beee73-56f6-5ecf-ba71-484f79304feb",
      "stepType": "SCRIPT_STEP",
      "inputMappings": [
        {
          "inputPort": "input",
          "mapping": "inc0010057",
          "stepInput": "2fdc0b37-5756-5826-9fed-600f8c9fe833"
        },
        {
          "inputPort": "input",
          "mapping": "${45acc9b8-b40f-4835-b64e-3fc7585c60ed.OnCall}",
          "stepInput": "799e9bcb-4144-53e3-a504-788bd5e222c2"
        },
        {
          "inputPort": "input",
          "mapping": "true",
          "stepInput": "970a1655-965c-51e7-bf6d-6fe3da8af91f"
        }
      ]
    },
    {
      "id": "2bc43899-bc4a-4a2c-9e2b-3e7de4703f8e",
      "label": "Slack Who's on Call - Event Status Updates",
      "environment": "HOSTED",
      "presentation": "{\"w\":60,\"x\":0,\"h\":60,\"y\":146}",
      "step": "8ca58fef-4cec-41c5-89bb-a395c6f13f89",
      "stepType": "INTEGRATION"
    },
    {
      "id": "1d6ebea2-2d5e-472c-b986-648e412e45bc",
      "label": "Switch",
      "environment": "HOSTED",
      "presentation": "{\"w\":60,\"x\":170,\"h\":60,\"y\":0}",
      "stepType": "SWITCH",
      "inputMappings": [
        {
          "inputPort": "input",
          "mapping": "${event.status}"
        }
      ],
      "switchCases": [
        {
          "caseId": "503605e1-f697-45a9-9516-bc41a341918d",
          "caseValue": "ACTIVE"
        }
      ]
    }
  ],
  "edges": [
    {
      "fromBlock": "1d6ebea2-2d5e-472c-b986-648e412e45bc",
      "fromPort": "503605e1-f697-45a9-9516-bc41a341918d",
      "toBlock": "45acc9b8-b40f-4835-b64e-3fc7585c60ed",
      "toPort": "input"
    },
    {
      "fromBlock": "2bc43899-bc4a-4a2c-9e2b-3e7de4703f8e",
      "fromPort": "output",
      "toBlock": "1d6ebea2-2d5e-472c-b986-648e412e45bc",
      "toPort": "input"
    },
    {
      "fromBlock": "45acc9b8-b40f-4835-b64e-3fc7585c60ed",
      "fromPort": "output",
      "toBlock": "33c6517b-5b9b-499b-b258-bc2b2a759808",
      "toPort": "input"
    }
  ]
}