[
  {
    "id": "0055a1e1-cfe5-4638-b788-9c36250605cb",
    "name": "Merge On-Call",
    "description": "",
    "icon": "http://s3-xmatters-static.s3.amazonaws.com/null/customers/8d580702-986e-4de3-873d-3a75b8073b42/IMAGE__20191018211341136__oncall-who.png",
    "script": "// Split Groups Input assuming each group is seperated with a pipe |\r\n// Change this here if your group names contain pipes\r\nvar groups = input['Groups'].split('|');\r\n\r\n\r\nvar oncallTargets = [];\r\nvar currenttime = new Date();\r\n\r\nfor (var g in groups) {\r\n\r\n    // Call function to get Group On-call\r\n    //getGroup(<Group Name>)\r\n    var groupRes = getGroup(groups[g]);\r\n    console.log(\"groupRes: \" + JSON.stringify(groupRes));\r\n    \r\n\r\n    // Call function to get shifts and members\r\n    // Not nested this is first call\r\n    // getGroup(<Group On Call Response from getGroup Function>, <Group Name>, <Wait Time from last Group Member (-1) for first member of primary group>)\r\n    var shiftRes = getShift(groupRes, groups[g], -1);\r\n    console.log(\"shiftRes: \" + JSON.stringify(shiftRes));\r\n\r\n\r\n    // Call function to merge Nested Groups with parent Shift\r\n    var mergeRes = mergeGroups(shiftRes);\r\n    console.log(\"mergeRes: \" + JSON.stringify(mergeRes));\r\n\r\n\t\r\n\t// Add device details if set in options\r\n\tif (input['Device Names'] !== undefined) {\r\n\r\n\t\tvar mergeRes = getDevices(mergeRes, input['Device Names'].split('|'));\r\n\t}\r\n\r\n    // Build Group Object to help with procesing chat message and break shifts into respective groups\r\n    var groupObj = {};\r\n    groupObj.name = groups[g];\r\n    groupObj.shifts = mergeRes;\r\n    oncallTargets.push(groupObj);\r\n\r\n\r\n    // Call function to build chat message\r\n    // This function uses markup for Slack. \r\n    // If you want to use this integration with another tool you may need to change come of the markup.\r\n    var formatted = formatmessage(oncallTargets);\r\n    console.log(\"Formatted Message: \" + JSON.stringify(formatted));\r\n\r\n\r\n    // Set the OnCall output to use used when posting to chat ops tool\r\n    output['OnCall'] = formatted;\r\n\r\n} // Close for each group\r\n\r\n\r\n\r\n\r\n\r\n\r\n\r\n\r\n\r\n\r\n\r\n\r\n\r\n// Formats On-call results to post to chatops tool\r\nfunction formatmessage(oncallTargets) {\r\n\r\n\r\n    var oncalFormatted = \"\";\r\n    for (var group in oncallTargets) {\r\n\r\n        // *Group Name*  \r\n        // * in slack means bold\r\n        var groupName = \"*\" + oncallTargets[group].name + \": *\\n\";\r\n\r\n\r\n        var shifts = \"\";\r\n        for (var s in oncallTargets[group].shifts) {\r\n            var shiftName = \"\";\r\n            var members = \"\";\r\n\r\n            // Sets the initial shift name. Markup is added later as well as the start and end time\r\n            shiftName = oncallTargets[group].shifts[s].name + \"\\n\";\r\n\r\n            for (var m in oncallTargets[group].shifts[s].members) {\r\n\r\n                // Only list oncall up to the input esclations number\r\n                if (m < parseInt(input['Escalations'])) {\r\n\r\n                    var wait = \"\";\r\n\r\n                    //  Add wait time messaging\r\n                    // ...wait 5 minute(s) then escalate to Management\r\n                    if (parseInt(oncallTargets[group].shifts[s].members[m].delay) > 0) {\r\n\r\n                        // If wait time escalation set to Management or Peer add \r\n                        // \"then escalate to\"\r\n                        var escalate = \"\";\r\n                        if (oncallTargets[group].shifts[s].members[m].escalationType !== \"NONE\") {\r\n\r\n                            escalate = \"then escalate to \" + oncallTargets[group].shifts[s].members[m].escalationType.toLowerCase();\r\n                        }\r\n\r\n                        // Concatenates wait time message with escalation message\r\n                        wait = \"...wait \" + oncallTargets[group].shifts[s].members[m].delay + \" minute(s) \" + escalate + \"\\n\";\r\n                    }\r\n\r\n                    // Add nested group and shift message\r\n                    // \"in nested group Data Center Responders in shift Default Shift\"\r\n                    // Only add message when member is part of a nested group\r\n                    if (oncallTargets[group].shifts[s].members[m].partOf !== oncallTargets[group].name) {\r\n         \r\n                        if (oncallTargets[group].shifts[s].members[m].shift) {\r\n                            var nestedShift = \" in shift \" + oncallTargets[group].shifts[s].members[m].shift;\r\n                        } else {\r\n                            var nestedShift = \"\";\r\n                        }\r\n\r\n                        var part = \" in nested group \" + oncallTargets[group].shifts[s].members[m].partOf + nestedShift;\r\n\r\n                    } else {\r\n                        var part = \"\";\r\n                    }\r\n\r\n\r\n\t\t\t\t\t// Add any sounds devices to message\r\n\t\t\t\t\tif (oncallTargets[group].shifts[s].members[m].device !== undefined){\r\n\r\n\t\t\t\t\t\tvar device = \" \" + oncallTargets[group].shifts[s].members[m].device;\r\n\t\t\t\t\t}\r\n\t\t\t\t\telse {\r\n\t\t\t\t\t\tvar device = \"\";\r\n\t\t\t\t\t}\r\n\r\n\r\n\r\n\r\n                    // Concatendate member message\r\n                    // \"Anikin Skywalker (ASkywalker) in nested group Data Center Respondents in shift Day\"\r\n                    members = members + wait + oncallTargets[group].shifts[s].members[m].fullName + \" (\" + oncallTargets[group].shifts[s].members[m].targetName + \")\" + device + part + \"\\n\";\r\n\r\n                } // Close escalations\r\n\r\n            } // Close for members\r\n\r\n            // When there is a shift with start and end time add this to the Shift Name.\r\n            // \"Overnight shift: Fri, 18 Oct 2019 07:00:00 GMT to Sat, 19 Oct 2019 07:00:00 GMT\"\r\n            // Only add when there is a shift in the group\r\n            if (oncallTargets[group].shifts[s].start !== \"none\" && oncallTargets[group].shifts[s].end !== \"none\") {\r\n\r\n                var dates = new Date(oncallTargets[group].shifts[s].start).toUTCString() + \" to \" + new Date(oncallTargets[group].shifts[s].end).toUTCString();\r\n            } else {\r\n                var dates = \"\";\r\n\r\n            }\r\n\r\n            // Addes the word \"shift\" to the end of the shift name.\r\n            // Only adds \"shift\" if the shift name does not already contain the word \"shift\".\r\n            if (oncallTargets[group].shifts[s].name.indexOf(\"shift\") === -1 && oncallTargets[group].shifts[s].name.indexOf(\"Shift\") === -1 && oncallTargets[group].shifts[s].name !== \"\") {\r\n                var prefix = \" shift:\";\r\n            }\r\n            // Case there there is no shift\r\n            else if (oncallTargets[group].shifts[s].name === \"\") {\r\n                var prefix = \"\";\r\n            }\r\n            // Case where shift name contains the word shift\r\n            else {\r\n                var prefix = \":\";\r\n            }\r\n\r\n            // Concatenate the Shift string.\r\n            // _ in slack means italics \r\n            // ``` in slack means code section.\r\n            // because the membership of a group is all contained in ``` you are unable to add other markup to this section.\r\n            // You are free to change how this is formatted but there are not many options in slack if you want to Group, shifts and members distinctive.\r\n            shifts = shifts + \"\\n_\" + oncallTargets[group].shifts[s].name + prefix + \"_ \" + dates + \"\\n\" + \"```\" + members + \"```\" + \"\\n\\n\";\r\n\r\n        } // Close for shifts\r\n\r\n\r\n        // Concatenate each oncall member, group and shift\r\n        oncalFormatted = oncalFormatted + groupName + shifts;\r\n\r\n\r\n    }\r\n\r\n\r\n    return oncalFormatted;\r\n}\r\n\r\n\r\n\r\n\r\n\r\n\r\n\r\n\r\n\r\n\r\n\r\n\r\n\r\n// Get who's on call from xMatters\r\n// group = Group Name\r\nfunction getGroup(group) {\r\n\r\n    var groupObj = {};\r\n    groupObj.name = group;\r\n\r\n    var apiRequest = http.request({\r\n        'endpoint': 'xMatters',\r\n        'path': '/api/xm/1/on-call?groups=' + encodeURIComponent(group) + '&embed=shift,members.owner&membersPerShift=100',\r\n        'method': 'GET'\r\n    });\r\n    var apiResponse = apiRequest.write();\r\n\r\n    if (apiResponse.statusCode == 200) {\r\n\r\n        var response = JSON.parse(apiResponse.body);\r\n        return response;\r\n    }\r\n}\r\n\r\n\r\n\r\n\r\n\r\n\r\n\r\n\r\n\r\n\r\n\r\n\r\n\r\n// Get shifts from  getGroup response\r\n// groupRes = who's on call response from getGroup(group) \r\n// group = Group Name from Group Input\r\n// startDelay = Timeline for last member before nested group. Comes from mergeGroups() function. It is the timeline variable for the last member \r\nfunction getShift(groupRes, group, startDelay) {\r\n\r\n    var response = groupRes;\r\n\r\n    shiftMap = [];\r\n\r\n    // Loop each Shift\r\n    // primary group may have multiple shifts\r\n    for (var s in response['data']) {\r\n      \r\n\r\n        // Check if there are any shifts in the group. If there are not, record no primary on call and continue.\r\n        if (response['data'][s]['shift'] === undefined) {\r\n            \r\n            // Group with no member, remove from oncallTargets\r\n            console.log(\"Group has no Shifts\");\r\n            var oncallTarget = [];\r\n\r\n            var newShift = {};\r\n            newShift.name = \"\";\r\n            newShift.start = \"none\";\r\n            newShift.end = \"none\";\r\n            newShift.timezone = \"\";\r\n\r\n            var newTarget = {};\r\n            newTarget.partOf = group;\r\n            newTarget.type = \"Group\";\r\n            newTarget.position = 0;\r\n            newTarget.delay = 0;\r\n            newTarget.escalationType = \"n/a\"\r\n            newTarget.fullName = \"\";\r\n            newTarget.targetName = \"Group has no shifts\";\r\n            oncallTarget.push(newTarget);\r\n\r\n            newShift.members = oncallTarget;\r\n            shiftMap.push(newShift);\r\n\r\n            console.log(\"No shifts in group \" + JSON.stringify(shiftMap));\r\n\r\n        } else {\r\n\r\n\r\n            // Check if there are any members in the shift. \r\n            if (parseInt(response['data'][s]['members'].count) === 0) {\r\n\r\n                // Group with no member, remove from oncallTargets\r\n                console.log(\"Shift has No Members\");\r\n                var oncallTarget = [];\r\n\r\n                var newShift = {};\r\n                newShift.name = response['data'][s]['shift']['name'];\r\n                newShift.start = response['data'][s]['start'];\r\n                newShift.end = response['data'][s]['end'];\r\n                newShift.timezone = response['data'][s]['shift']['timezone'];\r\n\r\n                var newTarget = {};\r\n                newTarget.partOf = group;\r\n                newTarget.type = \"Group\";\r\n                newTarget.position = 0;\r\n                newTarget.delay = 0;\r\n                newTarget.escalationType = \"n/a\"\r\n                newTarget.fullName = \"\";\r\n                newTarget.targetName = \"Shift has no members\";\r\n                oncallTarget.push(newTarget);\r\n\r\n                newShift.members = oncallTarget;\r\n                shiftMap.push(newShift);\r\n\r\n                console.log(\"No members in shift \" + JSON.stringify(shiftMap));\r\n\r\n\r\n            } else {\r\n\r\n                // Shift has members\r\n                // Setup newShift object and use getMembers function to process shift members.\r\n                console.log(\"Has Members\");\r\n\r\n                var newShift = {};\r\n                newShift.name = response['data'][s]['shift']['name'];\r\n                newShift.start = response['data'][s]['start'];\r\n                newShift.end = response['data'][s]['end'];\r\n                newShift.timezone = response['data'][s]['shift']['timezone'];\r\n\r\n                var membersRes = getMembers(newShift, group, response, s, startDelay);\r\n                shiftMap.push(membersRes);\r\n\r\n                console.log(\"Shift membersRes \" + JSON.stringify(membersRes));\r\n                console.log(\"shiftMap \" + JSON.stringify(shiftMap));\r\n            }\r\n\r\n        } // close shift check\r\n\r\n\r\n    } // close  shift loop\r\n\r\n    console.log(\"Final shiftMap \" + JSON.stringify(shiftMap));\r\n    return shiftMap;\r\n\r\n}\r\n\r\n\r\n\r\n\r\n\r\n\r\n\r\n\r\n\r\n\r\n\r\n\r\n\r\n// Get members from who's on call response and puts them into a new object.\r\n// newShift = the current shift we want to add members to. This comes from getShift() function.\r\n// group = the current group being processed. This comes from the initial look through input groups.\r\n// response = This is the response from the who's on call api and the result of getGroup(group) function.\r\n// s = this is the current shift in the shift loop from getShift() function.\r\n// startDelay = Delay for last member before nested group\r\nfunction getMembers(newShift, group, response, s, startDelay) {\r\n\r\n  \r\n    var oncallTarget = [];\r\n\r\n    for (var m in response['data'][s]['members']['data']) {\r\n\r\n        // Calculate the time line variable for each member\r\n\r\n        // Case of parent group first member\r\n        if (parseInt(startDelay) == -1) {\r\n\r\n            //first member in primary group\r\n            if (parseInt(m) == 0) {\r\n\r\n                var lastDelay = parseInt(response['data'][s]['members']['data'][m]['delay']);\r\n                console.log(\"fFirst member in primary group \" + lastDelay);\r\n            }\r\n\r\n        }\r\n\r\n        // All other members\r\n        if (parseInt(m) == 0 && parseInt(startDelay) !== -1) {\r\n\r\n            var lastDelay = parseInt(startDelay) + parseInt(response['data'][s]['members']['data'][m]['delay']);\r\n            console.log(\"startDelay: \" + parseInt(startDelay) + \" delay \" + parseInt(response['data'][s]['members']['data'][m]['delay']));\r\n        } else if (parseInt(m) !== 0) {\r\n\r\n            var last = parseInt(m) - 1;\r\n            var lastDelay = parseInt(oncallTarget[last]['timeline']) + parseInt(response['data'][s]['members']['data'][m]['delay']);\r\n            console.log(\"timeline: \" + parseInt(oncallTarget[last]['timeline']) + \" delay \" + parseInt(response['data'][s]['members']['data'][m]['delay']));\r\n        }\r\n\r\n\r\n\r\n        console.log(\"Fetch the Group Members: \" + response['data'][s]['members']['data'][m]['member']['targetName'] + \" \" + response['data'][s]['members']['data'][m]['member']['recipientType']);\r\n\r\n        // Check if ACTIVE\r\n        if (response['data'][s]['members']['data'][m]['member']['status'] === \"ACTIVE\" ) {\r\n\r\n            // Check if recipientType = PERSON\r\n            if (response['data'][s]['members']['data'][m]['member']['recipientType'] === \"PERSON\") {\r\n\r\n                //Check for replacement\r\n                if (response['data'][s]['members']['data'][m]['absences'] !== undefined) {\r\n\r\n                    for (var a in response['data'][s]['members']['data'][m]['absences']['data']) {\r\n\r\n                        if (response['data'][s]['members']['data'][m]['absences']['data'][a]['absenceType'] !== \"VACANCY\") {\r\n                            console.log(\"Has Absence, Get replacement\");\r\n                            \r\n                            if (currenttime >= new Date(response['data'][s]['members']['data'][m]['absences']['data'][a]['start']) && currenttime <= new Date(response['data'][s]['members']['data'][m]['absences']['data'][a]['end'])) {\r\n\r\n                                var newTarget = {};\r\n                                newTarget.partOf = group;\r\n                                newTarget.type = response['data'][s]['members']['data'][m]['member']['recipientType'];\r\n                                newTarget.position = response['data'][s]['members']['data'][m]['position'];\r\n                                newTarget.delay = response['data'][s]['members']['data'][m]['delay'];\r\n                                newTarget.escalationType = response['data'][s]['members']['data'][m]['escalationType'];\r\n                                newTarget.fullName = response['data'][s]['members']['data'][m]['absences']['data'][a]['replacement']['firstName'] + \" \" + response['data'][s]['members']['data'][m]['absences']['data'][a]['replacement']['lastName'];\r\n                                newTarget.targetName = response['data'][s]['members']['data'][m]['absences']['data'][a]['replacement']['targetName'];\r\n                                newTarget.shift =  newShift.name;\r\n\r\n                                newTarget.timeline = lastDelay;\r\n                                oncallTarget.push(newTarget);\r\n\r\n\r\n                            }\r\n\r\n                        } // Close VACANCY check\r\n\r\n                    } // each absence a\r\n                } else {\r\n\r\n                    console.log(\"No Absence, set member to oncall list\");\r\n\r\n                    var newTarget = {};\r\n                    newTarget.partOf = group;\r\n                    newTarget.type = response['data'][s]['members']['data'][m]['member']['recipientType'];\r\n                    newTarget.position = response['data'][s]['members']['data'][m]['position'];\r\n                    newTarget.delay = response['data'][s]['members']['data'][m]['delay'];\r\n                    newTarget.escalationType = response['data'][s]['members']['data'][m]['escalationType'];\r\n                    newTarget.fullName = response['data'][s]['members']['data'][m]['member']['firstName'] + \" \" + response['data'][s]['members']['data'][m]['member']['lastName'];\r\n                    newTarget.targetName = response['data'][s]['members']['data'][m]['member']['targetName'];\r\n                    newTarget.shift =  newShift.name;\r\n\r\n                    newTarget.timeline = lastDelay;\r\n                    oncallTarget.push(newTarget);\r\n\r\n\r\n\r\n                } // Close else and Absence check              \r\n\r\n            } // Close is PERSON\r\n            else if (response['data'][s]['members']['data'][m]['member']['recipientType'] === \"DEVICE\") {\r\n\r\n\r\n                var newTarget = {};\r\n                newTarget.partOf = group;\r\n                newTarget.type = response['data'][s]['members']['data'][m]['member']['recipientType'];\r\n                newTarget.position = response['data'][s]['members']['data'][m]['position'];\r\n                newTarget.delay = response['data'][s]['members']['data'][m]['delay'];\r\n                newTarget.escalationType = response['data'][s]['members']['data'][m]['escalationType'];\r\n                newTarget.fullName = response['data'][s]['members']['data'][m]['member']['owner']['firstName'] + \" \" + response['data'][s]['members']['data'][m]['member']['owner']['lastName'];\r\n                newTarget.targetName = response['data'][s]['members']['data'][m]['member']['targetName'];\r\n                newTarget.shift =  newShift.name;\r\n\r\n                newTarget.timeline = lastDelay;\r\n                oncallTarget.push(newTarget);\r\n\r\n \r\n\r\n            } else if (response['data'][s]['members']['data'][m]['member']['recipientType'] === \"GROUP\") {\r\n\r\n                console.log(\"GROUP\");\r\n\r\n                var newTarget = {};\r\n                newTarget.partOf = group;\r\n                newTarget.type = response['data'][s]['members']['data'][m]['member']['recipientType'];\r\n                newTarget.position = response['data'][s]['members']['data'][m]['position'];\r\n                newTarget.delay = response['data'][s]['members']['data'][m]['delay'];\r\n                newTarget.escalationType = response['data'][s]['members']['data'][m]['escalationType'];\r\n                newTarget.fullName = \"\";\r\n                newTarget.targetName = response['data'][s]['members']['data'][m]['member']['targetName'];\r\n\r\n                newTarget.timeline = lastDelay;\r\n                oncallTarget.push(newTarget);\r\n\r\n            } \r\n\r\n\r\n        } // Close if Active\r\n         // check for dynamic team. We do this here because dynamic team do not have a status attribute\r\n        else if (response['data'][s]['members']['data'][m]['member']['recipientType'] === \"DYNAMIC_TEAM\") {\r\n\r\n                console.log(\"Dynamic Team\");\r\n\r\n                var newTarget = {};\r\n                newTarget.partOf = group;\r\n                newTarget.type = response['data'][s]['members']['data'][m]['member']['recipientType'];\r\n                newTarget.position = response['data'][s]['members']['data'][m]['position'];\r\n                newTarget.delay = response['data'][s]['members']['data'][m]['delay'];\r\n                newTarget.escalationType = response['data'][s]['members']['data'][m]['escalationType'];\r\n                newTarget.fullName = response['data'][s]['members']['data'][m]['member']['targetName'] ;\r\n                newTarget.targetName = \"Dynamic Team: Check xM for membership\";\r\n\r\n                newTarget.timeline = lastDelay;\r\n                oncallTarget.push(newTarget);\r\n\r\n            } // CLose dynamic team\r\n\r\n    } // close for member\r\n    console.log(\"Final Oncall Members: \" + JSON.stringify(oncallTarget));\r\n\r\n    // Set members to the shift object\r\n    newShift.members = oncallTarget;\r\n    console.log(\"newShift: \" + JSON.stringify(newShift));\r\n\r\n    return newShift;\r\n }\r\n\r\n\r\n\r\n\r\n\r\n\r\n\r\n\r\n\r\n\r\n\r\n\r\n\r\n// Merges neted groups with primary group shifts.\r\n// shiftRes = response from getShift() function. \r\nfunction mergeGroups(shiftRes) {\r\n\r\n    var mergedShifts = [];\r\n    var mergedShift = {};\r\n\r\n    // for each shift in primary.\r\n    for (var ps in shiftRes) {\r\n\r\n        mergedShift = shiftRes[ps];\r\n\r\n        // for each memeber in each primary shift check if its a group\r\n        for (var sm in shiftRes[ps].members) {\r\n\r\n            // is there a nested group\r\n            if (shiftRes[ps].members[sm].type === \"GROUP\") {\r\n\r\n                var groupRes = getGroup(shiftRes[ps].members[sm].targetName);\r\n                console.log(\"groupRes : \" + JSON.stringify(groupRes));\r\n\r\n                var nestedshiftRes = getShift(groupRes, shiftRes[ps].members[sm].targetName, shiftRes[ps].members[sm].timeline);\r\n                // primary group shiftRes = [{shift1},{shift2},{shift3}]\r\n\r\n                // Removed the recently found group from primary\r\n                mergedShift.members.splice(sm, 1);\r\n                console.log(\"mergedShift after removing group : \" + JSON.stringify(mergedShift));\r\n\r\n                // Merge each nested Group Shift with the primary and resort\r\n                for (var ns in nestedshiftRes) {\r\n\r\n                    // sortShift(primaryShift, nestedShift)\r\n                    var sorted = sortShift(mergedShift, nestedshiftRes[ns]);\r\n\r\n                    mergedShift = sorted;\r\n                    console.log(\"mergedShift: \" + JSON.stringify(mergedShift));\r\n\r\n\r\n                }\r\n\r\n\r\n            }\r\n\r\n\r\n        }\r\n\r\n\r\n        mergedShifts.push(mergedShift);\r\n\r\n    } // Close for each ps\r\n\r\n    // after for each shift is closed lets check the shifts again to see if there are still any groups.\r\n    // If we find more groups repeat this function until all groups have been looked up and merged.\r\n    for (var ms in mergedShifts) {\r\n    \r\n        for (var ang in mergedShifts[ms].members) {\r\n            console.log(\" mergedShift.members \" + mergedShifts[ms].members[ang].targetName + \" is \" + mergedShifts[ms].members[ang].type);\r\n            \r\n            if (mergedShifts[ms].members[ang].type === \"GROUP\") {\r\n\r\n                console.log(\"Found another group mergeshift again \" + mergedShifts[ms].members[ang].targetName);\r\n\r\n                // Starts the function again with the mergedShifts from last run \r\n                var reMerge = mergeGroups(mergedShifts);\r\n                console.log(\"reMerge \" + JSON.stringify(reMerge));\r\n\r\n            }\r\n\r\n\r\n        }\r\n\r\n    }\r\n\r\n\r\n    console.log(\"Final mergedShifts. No groups remaining: \" + JSON.stringify(mergedShifts));\r\n    return mergedShifts;\r\n\r\n}\r\n\r\n\r\n\r\n\r\n\r\n\r\n\r\n\r\n\r\n\r\n\r\n\r\n\r\n// Merges shift from Primary group with a shift from nested group.\r\n// Orders shift accordingly.\r\n// Recalculates the delay for each member\r\nfunction sortShift(primaryShift, nestedShift) {\r\n\r\n    var primaryMembers = primaryShift.members;\r\n    var nestedMembers = nestedShift.members;\r\n\r\n\r\n    var mergedShift = primaryMembers.concat(nestedMembers);\r\n    console.log(\"mergedShift primary and nested shift: \" + JSON.stringify(mergedShift));\r\n\r\n\r\n    // Sort merged Shifts members inorder by timeline\r\n    mergedShift.sort(function(a, b) {\r\n        return a.timeline - b.timeline;\r\n    });\r\n\r\n\r\n    // Recalculate delay\r\n    for (var me in mergedShift) {\r\n        var last = parseInt(me) - 1;\r\n\r\n        // Fist member\r\n        if (parseInt(me) == 0) {\r\n        \r\n            mergedShift[me].delay = parseInt(mergedShift[me].timeline);\r\n\r\n        } else if (parseInt(me) > 0) {\r\n\r\n            mergedShift[me].delay = parseInt(mergedShift[me].timeline) - parseInt(mergedShift[last].timeline);\r\n        }\r\n\r\n    }\r\n    console.log(\"mergedShift with recalculated delays \" + JSON.stringify(mergedShift));\r\n\r\n\r\n    primaryShift.members = mergedShift;\r\n\r\n    return primaryShift;\r\n\r\n\r\n}\r\n\r\n\r\n\r\n\r\nfunction getDevices(mergeRes, devices){\r\n\r\n\tfor (var shift in mergeRes) {\r\n\t\r\n\t\tfor (var member in mergeRes[shift].members ) {\r\n\t\t\r\n\t\t\tvar apiRequest = http.request({\r\n\t\t\t\t'endpoint': 'xMatters',\r\n\t\t\t\t'path': '/api/xm/1/people/' + mergeRes[shift].members[member].targetName + '/devices',\r\n\t\t\t\t'method': 'GET'\r\n\t\t\t});\r\n\t\t\tvar apiResponse = apiRequest.write();\r\n\r\n\t\t\tif (apiResponse.statusCode == 200) {\r\n\r\n\t\t\t\tvar response = JSON.parse(apiResponse.body);\r\n\r\n\t\t\t\tfor (var dev in response.data){\r\n\r\n\t\t\t\tloopdev:\tfor (var inputDev in devices){\r\n\r\n\t\t\t\t\t\tif (response.data[dev].name === devices[inputDev]) {\r\n\r\n\t\t\t\t\t\t\t\tif (response.data[dev].deviceType ===\"VOICE\"){\r\n\r\n\t\t\t\t\t\t\t\t\tmergeRes[shift].members[member].device = devices[inputDev] + \": \" + response.data[dev].phoneNumber;\r\n\t\t\t\t\t\t\t\t\tbreak loopdev;\r\n\t\t\t\t\t\t\t\t}\r\n\t\t\t\t\t\t\t\telse if (response.data[dev].deviceType ===\"TEXT_PHONE\"){\r\n\r\n\t\t\t\t\t\t\t\t\tmergeRes[shift].members[member].device = devices[inputDev] + \": \" + response.data[dev].phoneNumber;\r\n\t\t\t\t\t\t\t\t\tbreak loopdev;\r\n\t\t\t\t\t\t\t\t}\r\n\t\t\t\t\t\t\t\telse if (response.data[dev].deviceType ===\"EMAIL\"){\r\n\r\n\t\t\t\t\t\t\t\t\tmergeRes[shift].members[member].device = devices[inputDev] + \": \" + response.data[dev].emailAddress;\r\n\t\t\t\t\t\t\t\t\tbreak loopdev;\r\n\t\t\t\t\t\t\t\t}\r\n\r\n\t\t\t\t\t\t\t\t\r\n\t\t\t\t\t\t}\r\n\r\n\t\t\t\t\t}\r\n\r\n\t\t\t\t}\r\n\r\n\r\n\t\t\t\tconsole.log(\"Final mergeRes mergeRes\" +JSON.stringify(mergeRes) );\r\n\r\n\r\n\t\t\t}\r\n\r\n\r\n\t\t}\r\n\r\n\t}\r\n\r\n\treturn mergeRes;\r\n}",
    "endpointLabel": "xMatters",
    "allowedEnvironment": "HOSTED",
    "accessibleByAll": "NotShared",
    "scriptStepType": "USER",
    "inputs": [
      {
        "id": "855be80c-5a44-48be-9e26-7f6dc31c23bc",
        "name": "Groups",
        "helpText": "This input should contain a pipe | delimited list of groups. Ideally you would use the constant defined in this workflow called \"Groups\" but it is not required.",
        "defaultValue": "",
        "multiline": false,
        "required": true,
        "maxLength": 20000,
        "minLength": 0,
        "position": 0
      },
      {
        "id": "2cd7e224-4aa3-4aaa-996e-8903249365e5",
        "name": "Escalations",
        "helpText": "How many levels of escalations would you like to post to chat ops?",
        "defaultValue": "",
        "multiline": false,
        "required": true,
        "maxLength": 2000,
        "minLength": 0,
        "position": 1
      },
      {
        "id": "60237b39-35ec-4b1a-9d87-bc55ffdcb390",
        "name": "Device Names",
        "helpText": "A pipe delimited list of xMatters device names. The first device found in this list will be posted to chat tool. Leave blank if you do not wish to include device details in your chat message.",
        "defaultValue": "",
        "multiline": false,
        "required": false,
        "maxLength": 2000,
        "minLength": 0,
        "position": 2
      }
    ],
    "outputs": [
      {
        "id": "d6ae6343-bb7b-4bf3-8467-a9019fb68eb0",
        "name": "OnCall",
        "position": 0
      }
    ]
  }
]